"Hash","Path"
"485E7B9CADCB8CC639B8AD2097D8BE3C31D087F1BB883E59EC377C2940D1A480","cell_metadata.csv"
"9673EABC713FC65C729BF54601E08E02C23E34DF35D53AB20338EE3046209DA1","check_provenance.R"
"FF11ABB65AE67E0B92D48DDEAE4F342D3EBD05CA4651A2BFAD05A27A2682C9D0","code_snapshot/InputValidation.R"
"8A8CCD77A4F6AA1E25D40D3621E4C8ED4FE9AFF2411CF4C4CFA8B80C4248BA8A","code_snapshot/Lexikon.R"
"7ACA85A54CF6A4F165208F0B64A1443FB51D854969CB687E0289D8C4ADA5A29A","code_snapshot/VariableGenesMethods.R"
"AC807D07C1F514C4A178628273793FC949D977C07066744D1D18BF12093DE28E","figure_expression_values.csv"
"82AA6E7C99AD14FEDB286DC7B7241FCCA3CA139239A21214CB36D1E28FEC4BD2","figures/scGenesFinder_case_study_600dpi.png"
"59BB40851AC98816730E4CE5BDF8562CFEA71B68274302E97B19F8EE7CD80321","figures/scGenesFinder_case_study_600dpi.tiff"
"CF7214A4DB45E743328B2E2509C01CBCA8716B18EE995808234E639852449D00","figures/scGenesFinder_case_study.pdf"
"3E8459A5C9E6A91A4D2BA5E2965532DACF5734392BB64306DCCCC03BB5C29CA9","input_ExampleData.csv"
"6AABBF753F6D14DD2205F47FC5E461688FA550A9685DFFC77D27C28C7FB13DF4","KEGG_2019_Mouse.gmt"
"7F4262A4FF802B2B646EE527D4BE4FE255006E6E2782916225DC49F3F18703DB","kegg_all_cells_top100.csv"
"44601D98AFD329830059F01CD3F62FADD55CD88B16E012BBDE23BD3D887EF450","kegg_all_cells_top20.csv"
"E27A49908113AC6DB3D642D3C3D8343B70EEAC8E9CB66AFE360FD63D46AEA730","kegg_all_cells_top50.csv"
"25B373985C2511DA1F946B9AECA717214D8607A1BCED69E2C8C766FE4B98E382","kegg_week2_top100.csv"
"3C6FCF4366335AEAC4E35F9FADD2DDCE3BDA52FE3ECE5C98C533C6EF63E27B70","kegg_week2_top20.csv"
"924F18B6BAF674AE081DB3309D62297EB3E218C3183CA622C8F1A8A803D17202","kegg_week2_top50.csv"
"3C680A88BD30E267D280F57C5E34E3BECE342A909D9DCA02E88D2C052F41357A","make_figure.R"
"85F1DDB4A89CA0A8E8D6BA1CF99EF6B623A74E44D102EC38E320D5D3BA8CE8FB","provenance_check.txt"
"CB2D04CC1EB2DC6ABA9B21EB3CD62329BF8533589A6BE2E9AA3DE2FF9B6B1A73","README.md"
"A2B5E65206E4F1B43B7006492C5199A5E38F8645C67BF931702B431AA5BB67EA","run_enrichment.R"
"E7E3E3E5FD8FA1B63C937C7D9D50B5BD762C654EFBD2F87E63B721868F8EDF7E","run_selection.R"
"7A7BB9C20EECBC5781706B19E8DEAE53A693DB3FB694A5A6C6B7DFEA91B66712","scmarker_all_cells_ranking.csv"
"911AFDB115E4556FF36ADC6032F9BB633AAF6B4B1278D54223298204905AA878","scmarker_all_cells.rds"
"199CC0BA687FCA00FD3D86FA9C1D6032416E819B9FE7DD854BA18E53429A079B","scmarker_week2_ranking.csv"
"C2A4E96FDFE3C52823557BD666E8ED3C89E72F0F9455112C425F97E89C8372F1","scmarker_week2.rds"
"FFB27045567A3CBBDBC84ECF65CB702F56F471B7DE5AC585B93726D685AF2702","sessionInfo.txt"
"591E3C864814207830A6DF9BC53C01D22D570B013ED231CB5005F76DBFF9BB48","unmapped_input_genes.csv"
"2163564BF9EDD7D24EA70E8110B4E474837373228C83A6D4863F8A3DD409DB99","verify_results.R"
